ecotype;plt;pi;etat;longitude;latitude;semflo;haut;laxl;rambas;rammed;ramapic;longfeu;longpet;dcp;grlon;grlar;huile
209;1;PI435415;TEX;-94,833;30,911;50;190;120;2;2;2;44;25;34,16;4,659;2,525;28,97
209;2;PI435415;TEX;-94,833;30,911;51;180;60;0;1;1;44;21;28,66;4,724;2,245;28,74
209;3;PI435415;TEX;-94,833;30,911;44;180;90;2;2;2;47;22;28,46;4,147;2,517;24,97
209;4;PI435415;TEX;-94,833;30,911;45;140;60;1;2;1;36;16;25,76;4,334;2,287;26,18
209;5;PI435415;TEX;-94,833;30,911;50;200;60;2;2;1;41;21;29,26;4,04;2,072;28,71
211;1;PI435540;ILL;-88,067;41,517;35;120;100;2;2;2;43;10;26,46;5,407;2,561;31,24
211;2;PI435540;ILL;-88,067;41,517;44;210;140;2;2;2;63;25;47,76;6,388;3,405;25,89
211;3;PI435540;ILL;-88,067;41,517;34;110;60;2;2;2;40;12;26,46;NA;NA;NA
211;4;PI435540;ILL;-88,067;41,517;42;200;110;2;2;2;52;16;28,46;7,373;3,138;31,9
211;5;PI435540;ILL;-88,067;41,517;41;190;110;2;2;2;60;23;42,46;6,35;3,188;29,68
351;1;PI413011;Misso;-90,198;38,627;52;260;190;3;2;1;50;24;32,46;4,363;2,44;27,55
351;3;PI413011;Misso;-90,198;38,627;58;210;65;3;2;1;52;24;36,46;5,953;3,051;23,16
351;4;PI413011;Misso;-90,198;38,627;53;305;145;3;1;1;52;24;37,96;4,734;2,443;25,45
351;5;PI413011;Misso;-90,198;38,627;59;270;130;3;2;1;54;26;45,76;NA;NA;24,77
358;1;PI413018;WYO;-104,2;43,85;40;140;80;2;2;2;30;9;26,26;5,777;2,615;28,15
358;2;PI413018;WYO;-104,2;43,85;35;180;130;2;2;2;28;11;31,46;NA;NA;NA
358;3;PI413018;WYO;-104,2;43,85;39;180;115;2;2;2;33;14;37,16;6,172;2,679;35,5
358;4;PI413018;WYO;-104,2;43,85;35;195;140;2;2;2;37;15;31,66;4,823;2,387;33,64
358;5;PI413018;WYO;-104,2;43,85;40;135;75;2;2;2;23;8;31,26;5,231;2,405;26,24
361;1;PI413021;WYO;-104,264;41,786;58;270;130;2;0;0;67;33;46,46;4,838;1,902;30,28
361;2;PI413021;WYO;-104,264;41,786;40;220;135;2;2;2;52;24;36,96;4,782;1,967;30,13
361;3;PI413021;WYO;-104,264;41,786;46;210;110;2;2;2;45;16;34,96;NA;NA;NA
361;4;PI413021;WYO;-104,264;41,786;67;240;120;1;1;1;49;24;39,46;4,983;2,191;31,75
361;5;PI413021;WYO;-104,264;41,786;49;210;135;2;2;2;52;26;35,46;5,392;2,641;31,42
363;1;PI413023;COL;-103,591;39,741;40;210;140;3;3;2;41;14;28,66;4,985;2,539;21,2
363;4;PI413023;COL;-103,591;39,741;45;220;140;2;2;2;50;19;32,46;4,828;2,517;27,71
363;5;PI413023;COL;-103,591;39,741;40;240;150;3;2;2;48;20;30,76;4,858;2,782;23,68
378;1;PI413038;SDK;-100,713;43,888;31;120;90;3;3;2;17;6;26,46;6,612;2,415;25,53
378;2;PI413038;SDK;-100,713;43,888;29;100;90;3;3;2;20;7;26,46;NA;NA;NA
378;3;PI413038;SDK;-100,713;43,888;30;160;90;0;3;2;30;11;32,76;7,494;3,529;29,68
378;4;PI413038;SDK;-100,713;43,888;26;160;110;3;3;2;20;8;27,96;NA;NA;NA
378;5;PI413038;SDK;-100,713;43,888;29;135;100;2;2;2;27;8;30,96;6,702;3,389;29,75
383;1;PI413043;ARZ;-113,611;34,703;41;260;150;3;3;3;45;22;29,46;4,481;2,324;25,64
383;2;PI413043;ARZ;-113,611;34,703;41;220;165;3;3;3;44;22;30,96;5,615;2,986;27,05
383;3;PI413043;ARZ;-113,611;34,703;41;240;145;3;3;3;47;21;30,66;4,891;2,571;24,41
383;4;PI413043;ARZ;-113,611;34,703;46;230;140;3;3;3;50;25;30,66;NA;NA;NA
383;5;PI413043;ARZ;-113,611;34,703;40;240;190;3;3;3;43;17;28,66;4,886;2,317;27,16
386;1;PI413046;ARZ;-112;34;45;250;150;3;2;2;64;33;30,66;4,918;2,74;25,41
386;4;PI413046;ARZ;-112;34;40;190;120;2;2;2;25;9;23,96;4,581;2,699;15,24
386;5;PI413046;ARZ;-112;34;48;200;130;3;2;2;53;18;26,06;3,901;1,981;26,77
388;1;PI413048;SDK;-100;44;43;240;130;3;3;3;51;22;25,46;4,828;2,448;24,31
388;2;PI413048;SDK;-100;44;47;200;130;3;3;2;46;19;26,76;4,418;1,796;26,06
388;4;PI413048;SDK;-100;44;51;210;145;3;2;2;52;23;25,66;4,479;2,35;25,65
410;1;PI413070;CLF;-121,739;38,545;48;235;140;3;2;1;54;23;30,66;6,176;3,131;23,38
410;2;PI413070;CLF;-121,739;38,545;45;200;135;3;2;2;50;19;34,46;6,525;3,253;23,93
410;3;PI413070;CLF;-121,739;38,545;51;230;135;2;2;2;51;22;31,76;5,413;2,972;24,15
410;4;PI413070;CLF;-121,739;38,545;55;270;120;1;1;1;54;20;30,96;NA;NA;NA
410;5;PI413070;CLF;-121,739;38,545;54;210;140;3;2;1;55;25;27,06;4,721;2,601;22,53
421;1;PI413081;CLF;-114,634;32,739;48;220;125;3;2;2;60;34;25,26;4,325;2,538;27,49
421;2;PI413081;CLF;-114,634;32,739;48;190;140;2;2;2;45;21;27,46;5,083;2,621;24,57
421;3;PI413081;CLF;-114,634;32,739;52;200;155;3;2;2;66;39;29,16;4,548;2,517;24,26
421;4;PI413081;CLF;-114,634;32,739;48;200;150;3;2;2;54;30;25,46;5,185;2,358;21,86
421;5;PI413081;CLF;-114,634;32,739;48;200;145;3;3;2;56;30;29,46;4,81;2,567;25,95
435;1;PI413095;CLF;-117,648;35,002;40;200;160;3;3;2;51;24;27,66;NA;NA;27,83
435;2;PI413095;CLF;-117,648;35,002;40;145;125;3;2;2;54;23;23,96;5,22;1,827;30,11
435;4;PI413095;CLF;-117,648;35,002;42;175;100;3;2;2;38;18;26,96;NA;NA;NA
435;5;PI413095;CLF;-117,648;35,002;40;200;145;3;3;3;48;21;29,46;5,835;2,828;27,76
437;1;PI413097;CLF;-118,173;35,053;41;225;155;3;3;2;42;21;37,46;5,359;2,433;30,18
437;2;PI413097;CLF;-118,173;35,053;40;220;145;3;3;2;36;10;27,76;6,651;3,431;26,29
437;3;PI413097;CLF;-118,173;35,053;46;200;155;3;3;2;60;29;30,16;6,517;3,174;26,03
437;4;PI413097;CLF;-118,173;35,053;37;200;145;3;3;2;40;15;33,46;NA;NA;30,61
437;5;PI413097;CLF;-118,173;35,053;37;200;170;3;3;3;31;11;40,8;6,458;3,261;25,54
446;1;PI413106;CLF;-121,678;38,287;45;280;145;3;2;2;55;26;34,46;NA;NA;NA
446;2;PI413106;CLF;-121,678;38,287;46;200;110;3;2;2;57;29;30,76;5,142;2,513;27,35
446;3;PI413106;CLF;-121,678;38,287;49;280;140;3;2;2;52;24;33,16;4,784;2,471;28,8
446;4;PI413106;CLF;-121,678;38,287;45;230;140;3;3;2;55;26;35,46;5,011;2,443;28,03
446;5;PI413106;CLF;-121,678;38,287;42;220;170;3;3;3;51;21;38,76;5,587;2,771;27,15
458;1;PI413118;CLF;-121,678;38,083;49;255;150;3;2;2;65;30;26,96;5,25;2,526;24,71
458;2;PI413118;CLF;-121,678;38,083;42;230;105;3;2;2;46;22;29,26;5,446;2,508;23,28
458;3;PI413118;CLF;-121,678;38,083;41;240;120;2;3;2;51;23;30,46;4,847;2,489;25,05
458;4;PI413118;CLF;-121,678;38,083;46;200;145;2;2;2;47;22;28,26;4,492;2,507;21,93
458;5;PI413118;CLF;-121,678;38,083;42;265;130;2;2;2;44;21;28,06;5,297;2,57;23,11
461;1;PI413121;NMX;-106;35;48;210;135;3;3;2;51;21;33,66;5,553;2,745;23,55
461;2;PI413121;NMX;-106;35;56;200;120;3;2;1;49;23;26,46;4,586;1,786;22,48
461;3;PI413121;NMX;-106;35;42;175;135;3;3;3;58;28;33,46;4,848;2,501;24,87
461;4;PI413121;NMX;-106;35;45;165;100;3;3;3;41;17;24,66;5,561;2,384;27,03
461;5;PI413121;NMX;-106;35;42;220;170;3;3;3;38;14;22,66;5,522;2,064;28,62
463;3;PI413123;NMX;-106;35;50;220;115;3;1;1;47;24;24,26;4,78;2,05;27,34
463;4;PI413123;NMX;-106;35;38;170;110;3;3;3;45;22;17,96;NA;NA;NA
463;5;PI413123;NMX;-106;35;37;160;125;3;3;3;45;15;22,86;5,157;2,037;26,16
468;1;PI413128;CLF;-121,772;34,679;45;180;75;1;1;1;47;20;70,6;8,069;3,764;29,21
468;2;PI413128;CLF;-121,772;34,679;51;180;95;0;0;1;51;26;93,2;8,131;4,219;21,2
468;3;PI413128;CLF;-121,772;34,679;45;190;85;0;1;1;41;16;70;7,435;4,827;26,83
468;4;PI413128;CLF;-121,772;34,679;44;170;75;0;1;2;47;20;55,6;8,157;3,748;26,09
468;5;PI413128;CLF;-121,772;34,679;45;190;90;0;0;2;41;17;53,8;6,264;3,633;23,07
509;1;PI413169;TEX;-100,571;30,573;45;240;120;2;2;1;42;14;27,46;3,911;2,053;20,96
509;2;PI413169;TEX;-100,571;30,573;42;200;110;2;2;1;47;20;25;NA;NA;NA
509;4;PI413169;TEX;-100,571;30,573;41;210;130;2;2;2;41;17;29,66;4,315;2,299;27,98
509;5;PI413169;TEX;-100,571;30,573;45;200;95;3;3;2;64;36;25;NA;NA;27,48
509;6;PI413169;TEX;-100,571;30,573;47;240;150;3;3;2;60;26;35;4,842;2,295;24,31
509;7;PI413169;TEX;-100,571;30,573;40;230;120;3;3;2;45;19;27,86;4,461;2,589;20,92
509;8;PI413169;TEX;-100,571;30,573;40;205;165;3;3;2;60;33;26,86;3,963;2,177;22,98
509;9;PI413169;TEX;-100,571;30,573;42;200;150;2;2;2;41;17;NA;NA;NA;NA
509;10;PI413169;TEX;-100,571;30,573;42;230;170;2;2;2;53;25;31,16;4,296;2,053;24,25
511;1;PI413171;TEX;-97,383;27,8;58;210;115;3;2;2;49;20;26,66;4,985;2,897;24,83
511;2;PI413171;TEX;-97,383;27,8;50;125;75;3;2;2;37;18;23,46;4,536;2,154;26,37
511;3;PI413171;TEX;-97,383;27,8;45;100;75;3;2;2;22;8;17,26;4,345;2,376;26,79
511;4;PI413171;TEX;-97,383;27,8;55;220;100;3;2;2;54;25;29,46;5,679;3,104;24,19
511;5;PI413171;TEX;-97,383;27,8;56;140;120;3;1;1;25;9;20,06;4,81;2,562;25,15
519;1;PI413180;ARZ;-110,683;35,017;38;255;165;3;3;3;38;17;23,86;4,841;2,017;25,97
519;2;PI413180;ARZ;-110,683;35,017;47;280;145;3;3;3;53;25;20,76;4,974;2,335;24,43
519;3;PI413180;ARZ;-110,683;35,017;49;280;135;3;2;2;53;27;32,46;5,586;2,893;30,72
519;4;PI413180;ARZ;-110,683;35,017;47;270;170;3;2;2;60;30;21,8;4,397;2,279;18,94
519;5;PI413180;ARZ;-110,683;35,017;48;200;140;3;2;2;61;34;28,96;4,959;2,553;27,88
646;1;PI613727;OKL;-93,738;36,401;103;250;105;3;2;1;62;31;48;4,849;2,188;26,74
646;2;PI613727;OKL;-93,738;36,401;43;230;135;3;2;2;50;22;29,46;4,711;2,445;26,79
646;3;PI613727;OKL;-93,738;36,401;51;270;105;3;2;2;64;30;34,46;4,569;2,408;29,86
646;4;PI613727;OKL;-93,738;36,401;97;190;105;3;2;1;51;24;45;4,429;2,116;26,25
646;5;PI613727;OKL;-93,738;36,401;113;170;80;2;1;1;55;29;49,5;4,376;2,234;25,31
647;1;PI468447;TEX;-96,996;28,859;50;280;145;3;2;2;66;34;32,8;4,755;2,551;27,48
647;2;PI468447;TEX;-96,996;28,859;56;245;75;3;1;1;48;24;28,46;3,956;2,075;25,14
647;3;PI468447;TEX;-96,996;28,859;51;295;165;3;2;1;50;23;22,76;3,967;1,953;25,48
647;4;PI468447;TEX;-96,996;28,859;51;260;105;2;2;2;52;24;22,76;4,157;1,912;24,69
647;5;PI468447;TEX;-96,996;28,859;40;200;185;4;4;4;41;21;15,76;3,953;1,931;25,1
648;1;PI468450;TEX;-97,994;26,194;48;300;155;3;3;3;52;25;23,76;3,68;2,157;23,8
648;2;PI468450;TEX;-97,994;26,194;49;290;140;3;3;2;44;22;22,46;3,898;2,213;24,21
648;3;PI468450;TEX;-97,994;26,194;45;235;160;3;3;3;50;22;23,66;3,851;2,05;27,41
648;4;PI468450;TEX;-97,994;26,194;45;240;145;3;3;3;48;26;20,06;4,259;2,184;26,81
648;5;PI468450;TEX;-97,994;26,194;46;290;225;3;3;3;50;27;21,66;4,049;1,993;26,58
649;1;PI468468;NMX;-104,083;32,307;46;220;200;3;2;2;47;17;25,66;3,947;1,999;25,23
649;2;PI468468;NMX;-104,083;32,307;42;235;180;3;3;2;58;28;23,66;4,621;1,944;30,5
649;3;PI468468;NMX;-104,083;32,307;45;215;140;3;3;2;50;20;26,96;4,741;2,561;26
649;4;PI468468;NMX;-104,083;32,307;51;230;90;3;3;3;50;23;24,86;NA;NA;NA
649;5;PI468468;NMX;-104,083;32,307;46;215;205;3;3;3;50;22;33,23;4,45;2,433;29,73
650;1;PI468473;TEX;-102,85;34,548;43;190;155;3;2;2;41;21;30,16;4,407;2,337;27,22
650;2;PI468473;TEX;-102,85;34,548;51;260;140;2;2;2;57;28;29,26;4,715;2,284;29,94
650;3;PI468473;TEX;-102,85;34,548;43;190;145;3;3;2;36;17;31,26;4,567;2,109;28,58
650;4;PI468473;TEX;-102,85;34,548;41;190;150;3;3;2;46;25;29,66;4,255;2,255;27,42
650;5;PI468473;TEX;-102,85;34,548;43;185;150;3;3;3;55;26;34,46;4,965;2,727;28,86
651;1;PI468492;OKL;-98,39;34,609;49;230;150;3;2;1;54;29;27,86;4,203;2,074;24,55
651;2;PI468492;OKL;-98,39;34,609;57;265;95;2;2;1;60;33;29,96;4,364;2,298;24,76
651;3;PI468492;OKL;-98,39;34,609;56;280;100;2;1;1;59;36;28,26;4,804;2,497;25,5
651;4;PI468492;OKL;-98,39;34,609;60;240;70;3;2;1;61;33;37,46;4,206;2,233;25,99
651;5;PI468492;OKL;-98,39;34,609;51;240;135;2;2;1;61;34;32,66;4,91;2,679;24
652;2;PI468516;TEX;-97,164;27,883;42;245;185;3;3;3;55;28;25,26;4,304;2,331;24,59
652;3;PI468516;TEX;-97,164;27,883;40;200;160;3;3;3;48;22;25,46;3,911;1,927;24,34
652;4;PI468516;TEX;-97,164;27,883;49;215;90;3;3;2;55;31;20,76;4,815;2,518;25,26
652;5;PI468516;TEX;-97,164;27,883;41;235;160;3;2;1;51;25;26,96;4,932;2,309;25,19
654;1;PI468576;ARZ;-111,495;32,716;40;210;155;3;3;3;49;21;30,46;4,46;2,379;26,53
654;2;PI468576;ARZ;-111,495;32,716;47;245;160;3;3;2;46;20;24,46;4,591;2,412;24,6
654;3;PI468576;ARZ;-111,495;32,716;48;255;185;3;2;1;53;22;27,46;4,603;2,446;25,37
654;4;PI468576;ARZ;-111,495;32,716;41;245;175;3;2;1;43;22;26,96;4,937;2,304;25,08
654;5;PI468576;ARZ;-111,495;32,716;44;280;190;3;2;2;60;35;28,66;4,591;2,306;26,47
658;1;PI468609;UTA;-112,526;37,048;39;190;155;3;3;3;30;13;34,46;4,711;2,387;25,26
658;2;PI468609;UTA;-112,526;37,048;40;145;95;2;2;2;18;5;24;NA;NA;NA
658;3;PI468609;UTA;-112,526;37,048;47;145;120;3;2;2;35;15;NA;NA;NA;NA
658;4;PI468609;UTA;-112,526;37,048;53;250;160;3;3;2;62;31;32,4;4,862;2,389;24,32
658;5;PI468609;UTA;-112,526;37,048;60;140;85;2;2;2;24;10;24,66;4,931;2,479;30,15
660;1;PI468621;COL;-108,55;39,064;38;250;190;3;3;2;45;17;32,46;4,737;2,149;29,48
660;2;PI468621;COL;-108,55;39,064;35;225;175;2;2;3;27;11;25,96;4,715;2,258;33,12
660;3;PI468621;COL;-108,55;39,064;35;255;175;2;3;3;38;13;31,16;4,91;2,472;30,93
660;4;PI468621;COL;-108,55;39,064;37;235;185;3;3;2;39;16;28,96;4,567;2,522;28,61
660;5;PI468621;COL;-108,55;39,064;37;200;170;3;3;3;31;16;35,96;4,341;2,129;29,37
661;1;PI468628;NMX;-105,996;36,997;28;160;150;3;3;0;22;8;31,16;5,143;2,422;24,98
661;2;PI468628;NMX;-105,996;36,997;30;165;145;3;2;1;22;6;26,06;4,679;1,909;30,33
661;3;PI468628;NMX;-105,996;36,997;26;170;135;3;3;2;30;15;NA;4,439;2,294;27,12
661;4;PI468628;NMX;-105,996;36,997;30;200;130;3;2;2;27;9;31,46;5,728;2,35;32,74
661;5;PI468628;NMX;-105,996;36,997;31;190;160;3;1;0;29;12;29,96;5,561;2,649;29,4
662;1;PI468632;OKL;-96,936;35,258;38;235;190;3;3;3;38;13;25,96;4,596;2,131;30,03
662;2;PI468632;OKL;-96,936;35,258;36;260;90;1;1;1;54;28;31,46;4,737;2,672;24,12
662;3;PI468632;OKL;-96,936;35,258;36;305;95;2;1;0;68;38;31;5,293;2,875;23,85
662;4;PI468632;OKL;-96,936;35,258;33;190;110;3;3;3;39;18;28,96;5,495;2,261;27,43
662;5;PI468632;OKL;-96,936;35,258;58;260;130;2;2;2;65;33;36,66;5,378;2,811;24,78
665;1;PI597895;IOW;-96,233;42,733;103;225;105;2;1;0;70;33;35;3,828;1,995;25,37
665;2;PI597895;IOW;-96,233;42,733;75;325;115;2;2;1;57;27;17,2;NA;NA;NA
665;3;PI597895;IOW;-96,233;42,733;40;210;135;2;3;2;44;20;29,96;4,701;2,365;25,54
665;4;PI597895;IOW;-96,233;42,733;44;245;135;2;3;2;53;26;29,46;5,159;2,195;25,65
665;5;PI597895;IOW;-96,233;42,733;97;235;120;3;2;1;61;28;31,7;4,034;1,971;22,17
733;1;PI435557;KAN;-100,907;38,483;35;160;115;2;3;2;34;15;33,76;5,348;2,752;27,73
733;2;PI435557;KAN;-100,907;38,483;38;170;95;3;2;2;40;17;36,46;4,993;2,634;26,2
733;3;PI435557;KAN;-100,907;38,483;32;160;115;3;3;3;30;7;28,46;NA;NA;NA
733;4;PI435557;KAN;-100,907;38,483;50;225;105;3;2;2;50;27;35;5,033;2,539;25,87
733;5;PI435557;KAN;-100,907;38,483;36;175;135;3;3;3;33;11;32,46;4,431;2,253;28,36
734;1;PI468462;TEX;-101,173;29,684;48;140;115;2;2;2;31;13;30,46;4,539;2,304;22,24
734;2;PI468462;TEX;-101,173;29,684;51;175;125;3;2;2;45;21;29,66;4,111;2,211;22,86
734;3;PI468462;TEX;-101,173;29,684;48;180;125;3;3;2;45;20;27,96;3,986;2,159;23,71
734;4;PI468462;TEX;-101,173;29,684;47;215;130;3;3;2;41;18;28,96;4,21;2,203;24,85
734;5;PI468462;TEX;-101,173;29,684;46;185;140;3;2;2;39;19;26,46;4,211;2,312;23,44
774;1;PI435575;UTA;-112,375;39,519;37;180;100;2;3;2;27;10;31,46;6,413;2,919;34,87
774;2;PI435575;UTA;-112,375;39,519;36;155;120;3;3;2;33;9;26,16;NA;NA;NA
774;3;PI435575;UTA;-112,375;39,519;40;150;110;2;2;1;27;10;30,26;4,985;2,503;26,6
774;4;PI435575;UTA;-112,375;39,519;40;230;145;3;3;2;53;24;32,46;5,094;2,655;26,78
774;5;PI435575;UTA;-112,375;39,519;69;185;70;1;1;0;53;29;33,46;6,098;2,939;27,21
775;1;PI435581;UTA;-118,473;40,179;40;240;175;3;3;3;42;16;26,96;5,175;2,775;22,99
775;2;PI435581;UTA;-118,473;40,179;41;230;155;3;2;2;55;24;25,46;4,799;2,356;23,72
775;3;PI435581;UTA;-118,473;40,179;35;250;125;3;3;2;39;15;23;NA;NA;NA
775;4;PI435581;UTA;-118,473;40,179;40;240;155;3;2;2;58;29;26,46;5,277;2,073;23,78
775;5;PI435581;UTA;-118,473;40,179;43;250;170;3;3;2;51;21;31,46;5,345;2,376;25,07
822;1;PI468619;UTA;-110,713;38,373;31;220;150;3;3;3;34;12;30,16;5,011;2,342;25,34
822;2;PI468619;UTA;-110,713;38,373;31;235;140;3;2;2;37;14;32,46;6,408;2,765;30,13
822;3;PI468619;UTA;-110,713;38,373;30;190;135;3;3;2;21;6;27,96;5,669;2,515;31,04
822;4;PI468619;UTA;-110,713;38,373;29;160;135;3;3;2;21;7;27,96;5,165;2,823;23,35
822;5;PI468619;UTA;-110,713;38,373;35;215;160;3;3;3;28;13;33,76;5,815;2,632;29,03
826;1;PI468620;UTA;-110,161;38,995;36;185;130;3;3;3;30;11;19,46;6,309;2,411;29,84
826;2;PI468620;UTA;-110,161;38,995;36;160;125;3;3;3;28;10;21,8;5,505;2,465;25,3
826;3;PI468620;UTA;-110,161;38,995;35;180;125;3;3;3;25;9;25,46;5,419;2,409;26,6
826;4;PI468620;UTA;-110,161;38,995;30;145;130;3;3;3;35;13;NA;NA;NA;NA
826;5;PI468620;UTA;-110,161;38,995;29;180;145;3;3;3;31;13;28,46;4,674;2,289;27,21
829;1;PI597898;IOW;-96,183;43,083;86;330;150;2;1;1;57;25;31,46;NA;NA;NA
829;2;PI597898;IOW;-96,183;43,083;85;300;160;2;1;1;56;27;24;NA;NA;NA
829;3;PI597898;IOW;-96,183;43,083;85;290;145;2;2;1;51;25;27,46;NA;NA;NA
829;4;PI597898;IOW;-96,183;43,083;68;290;145;2;2;2;57;25;33,46;5,109;2,787;20,6
829;5;PI597898;IOW;-96,183;43,083;75;330;180;2;2;1;47;20;40,96;4,764;2,347;20,28
833;1;PI468581;CLF;-117,333;33,5;64;210;185;3;2;1;41;17;17,76;4,371;2,121;26,39
833;2;PI468581;CLF;-117,333;33,5;63;210;120;3;2;2;49;25;25,3;4,473;1,889;26
833;3;PI468581;CLF;-117,333;33,5;56;240;145;3;2;3;44;21;19,96;4,016;1,776;21,25
833;4;PI468581;CLF;-117,333;33,5;56;225;155;3;2;2;55;27;22,26;4,459;2,265;26,79
833;5;PI468581;CLF;-117,333;33,5;74;145;65;1;1;2;43;18;22,06;4,452;2,153;24,27
928;1;PI586807;NDK;-98,7;47,433;20;70;40;2;2;2;14;4;39;6,423;3,17;NA
928;2;PI586807;NDK;-98,7;47,433;22;100;65;2;1;1;16;5;28,76;6,423;3,425;26,09
928;4;PI586807;NDK;-98,7;47,433;24;75;75;2;2;2;15;7;25,46;4,308;2,146;25,7
928;5;PI586807;NDK;-98,7;47,433;32;130;105;2;1;1;40;14;43,46;6,676;3,142;31,53
928;6;PI586807;NDK;-98,7;47,433;26;80;45;2;2;2;20;7;37;8,073;3,823;23,94
928;7;PI586807;NDK;-98,7;47,433;31;110;80;2;2;1;25;10;23,16;5,693;2,697;NA
929;1;PI586808;NDK;-99,333;47,433;29;70;70;3;2;1;29;14;28,06;4,75;2,181;26,88
929;3;PI586808;NDK;-99,333;47,433;37;130;100;2;2;1;32;9;31,16;5,391;1,927;29,8
929;4;PI586808;NDK;-99,333;47,433;26;75;40;2;1;1;20;7;30;NA;NA;27,07
929;6;PI586808;NDK;-99,333;47,433;35;130;130;3;2;1;40;11;35;6,016;3,067;23,51
929;7;PI586808;NDK;-99,333;47,433;26;120;105;3;2;1;13;5;24,26;NA;NA;NA
929;8;PI586808;NDK;-99,333;47,433;35;150;110;3;2;2;27;6;29,16;5,653;2,583;24,43
929;9;PI586808;NDK;-99,333;47,433;36;140;100;3;3;3;37;10;28,26;6,371;2,875;29,96
931;1;PI586809;NDK;-100,637;47,471;24;100;50;1;2;2;16;3;14,2;NA;NA;NA
931;2;PI586809;NDK;-100,637;47,471;22;70;30;2;2;1;16;7;17,5;NA;NA;NA
931;3;PI586809;NDK;-100,637;47,471;35;150;120;3;1;1;30;12;24,66;5,202;2,481;27,36
931;4;PI586809;NDK;-100,637;47,471;22;40;30;3;2;2;16;6;20,2;NA;NA;NA
931;5;PI586809;NDK;-100,637;47,471;23;60;40;2;3;1;17;5;16,3;NA;NA;NA
931;6;PI586809;NDK;-100,637;47,471;26;60;50;3;2;1;20;8;12;NA;NA;NA
931;7;PI586809;NDK;-100,637;47,471;25;65;60;3;3;2;13;5;18,16;4,815;1,835;21,39
931;8;PI586809;NDK;-100,637;47,471;25;85;60;2;2;1;25;10;19,46;5,265;2,102;23,86
933;1;PI586810;NDK;-101,353;48,225;27;65;60;2;2;1;20;8;13,8;NA;NA;NA
933;2;PI586810;NDK;-101,353;48,225;28;90;80;2;2;1;18;8;31,66;5,461;2,306;25,62
933;3;PI586810;NDK;-101,353;48,225;28;65;40;3;3;2;16;6;14,83;NA;NA;NA
933;7;PI586810;NDK;-101,353;48,225;25;110;100;2;2;1;12;5;25,46;5,454;2,612;18,87
933;9;PI586810;NDK;-101,353;48,225;27;90;70;3;2;2;12;3;19,66;5,404;2,205;28,43
939;1;PI586814;NDK;-103,167;47,8;17;65;30;3;2;1;10;3;NA;NA;NA;NA
939;2;PI586814;NDK;-103,167;47,8;17;65;50;3;2;1;11;3;NA;NA;NA;NA
939;3;PI586814;NDK;-103,167;47,8;24;80;50;3;2;1;18;4;NA;NA;NA;NA
939;4;PI586814;NDK;-103,167;47,8;23;50;45;2;2;2;10;3;20,7;5,593;2,873;26,93
939;5;PI586814;NDK;-103,167;47,8;19;100;50;2;2;2;12;3;14,88;5,511;2,661;25,56
939;6;PI586814;NDK;-103,167;47,8;20;90;65;2;2;2;21;7;20,3;5,738;2,704;24,19
939;7;PI586814;NDK;-103,167;47,8;20;50;40;3;2;2;20;5;NA;NA;NA;21,06
939;9;PI586814;NDK;-103,167;47,8;23;70;65;3;3;2;15;5;31,16;5,996;2,706;25,5
939;10;PI586814;NDK;-103,167;47,8;24;70;65;3;3;2;12;5;29,26;6,111;2,745;25,27
943;1;PI586816;MON;-104,2;47,717;26;120;80;3;3;2;25;10;16,58;NA;NA;NA
943;2;PI586816;MON;-104,2;47,717;24;105;50;3;2;1;9;2;NA;NA;NA;NA
943;3;PI586816;MON;-104,2;47,717;28;85;60;3;2;1;25;9;19,16;NA;NA;NA
943;4;PI586816;MON;-104,2;47,717;24;110;60;3;2;1;22;8;63;5,266;2,283;NA
943;5;PI586816;MON;-104,2;47,717;31;200;120;3;3;2;44;20;26,46;NA;NA;NA
943;7;PI586816;MON;-104,2;47,717;25;100;50;3;2;2;24;8;21,7;NA;NA;NA
943;9;PI586816;MON;-104,2;47,717;27;145;80;3;3;2;29;12;21,46;NA;NA;NA
945;1;PI586817;MON;-105,267;46,667;29;110;70;3;2;2;29;11;20,46;NA;NA;NA
945;2;PI586817;MON;-105,267;46,667;28;95;60;2;3;2;22;8;18,8;NA;NA;NA
945;3;PI586817;MON;-105,267;46,667;48;140;100;3;2;2;37;14;24,76;NA;NA;NA
945;4;PI586817;MON;-105,267;46,667;24;90;50;2;3;2;16;5;21,8;NA;NA;NA
945;5;PI586817;MON;-105,267;46,667;27;110;80;3;2;2;17;5;14,76;NA;NA;NA
945;7;PI586817;MON;-105,267;46,667;40;170;100;3;2;2;41;17;25,66;4,595;2,483;25,1
945;9;PI586817;MON;-105,267;46,667;29;120;60;3;2;2;22;8;24;NA;NA;NA
945;10;PI586817;MON;-105,267;46,667;24;115;75;2;3;3;28;10;17,46;NA;NA;NA
948;1;PI586818;MON;-105,833;46,333;18;90;60;2;2;2;16;7;27,76;4,399;2,588;27,37
948;3;PI586818;MON;-105,833;46,333;25;100;70;0;3;2;20;6;28,66;NA;NA;NA
948;5;PI586818;MON;-105,833;46,333;28;110;80;3;2;2;20;10;30,96;4,963;2,288;25,96
948;6;PI586818;MON;-105,833;46,333;24;100;70;0;2;1;20;6;25,66;NA;NA;NA
948;7;PI586818;MON;-105,833;46,333;28;145;80;2;2;2;21;8;24,86;4,469;2,391;25,06
954;1;PI586821;MON;-105,417;45,5;23;60;45;3;2;1;15;5;23,98;5,784;2,983;25,72
954;2;PI586821;MON;-105,417;45,5;25;140;120;2;3;2;22;6;NA;4,417;2,039;28,11
954;3;PI586821;MON;-105,417;45,5;29;100;90;2;3;2;23;8;24,16;NA;NA;NA
954;4;PI586821;MON;-105,417;45,5;24;95;40;3;2;1;14;4;24,6;NA;NA;NA
954;5;PI586821;MON;-105,417;45,5;27;90;90;3;2;1;27;10;22,6;NA;NA;NA
954;6;PI586821;MON;-105,417;45,5;29;115;90;3;2;2;20;5;24,76;4,593;2,148;29,19
954;7;PI586821;MON;-105,417;45,5;23;70;55;2;2;1;15;8;29,76;6,562;2,741;26,48
954;8;PI586821;MON;-105,417;45,5;29;170;140;3;3;2;23;15;27,66;4,85;2,414;27,63
955;1;PI586822;WYO;-105,417;44,933;21;70;35;1;3;2;12;4;16,3;5,652;3,03;23,78
955;2;PI586822;WYO;-105,417;44,933;25;80;70;3;2;2;20;6;22,7;NA;NA;NA
955;3;PI586822;WYO;-105,417;44,933;29;100;45;0;3;2;20;8;16,46;NA;NA;NA
955;4;PI586822;WYO;-105,417;44,933;29;95;50;3;3;2;18;5;NA;NA;NA;NA
955;5;PI586822;WYO;-105,417;44,933;24;90;50;3;3;2;18;5;NA;5,761;2,935;25,58
955;6;PI586822;WYO;-105,417;44,933;29;185;130;2;2;2;30;12;26,86;5,527;2,684;26,31
955;8;PI586822;WYO;-105,417;44,933;25;120;80;3;3;2;19;7;27,76;5,075;2,639;24,49
955;10;PI586822;WYO;-105,417;44,933;25;100;80;3;3;2;20;6;27,06;4,379;2,363;25,97
963;1;PI586828;WYO;-106,667;44;29;140;90;2;2;1;18;5;16,5;NA;NA;NA
963;2;PI586828;WYO;-106,667;44;26;130;90;2;2;2;16;5;NA;NA;NA;NA
963;3;PI586828;WYO;-106,667;44;21;70;40;3;2;1;12;4;27;5,013;2,994;25,44
963;4;PI586828;WYO;-106,667;44;26;80;80;3;2;2;23;10;30,26;5,203;2,29;31,37
963;5;PI586828;WYO;-106,667;44;26;80;45;2;2;2;11;3;NA;NA;NA;NA
963;6;PI586828;WYO;-106,667;44;22;80;50;3;2;2;10;3;22,16;4,565;1,997;26,69
963;7;PI586828;WYO;-106,667;44;22;85;60;3;2;2;14;5;19,76;5,663;2,39;19,41
963;8;PI586828;WYO;-106,667;44;30;150;110;3;2;1;23;9;31,66;4,936;2,595;27,57
963;9;PI586828;WYO;-106,667;44;21;65;45;3;3;2;12;5;34;6,033;2,657;21,72
963;10;PI586828;WYO;-106,667;44;26;160;100;3;3;2;13;3;24,96;4,398;2,152;27,66
966;1;PI586831;WYO;-104,133;43,85;23;70;60;2;2;1;17;5;37;5,669;2,751;26,08
966;2;PI586831;WYO;-104,133;43,85;22;75;50;2;2;2;13;4;28;5,922;3,229;NA
966;3;PI586831;WYO;-104,133;43,85;25;140;130;3;2;2;11;4;33,76;5,168;2,568;27,79
966;4;PI586831;WYO;-104,133;43,85;21;70;50;0;3;2;11;4;36;5,244;2,49;24,16
966;6;PI586831;WYO;-104,133;43,85;22;120;85;2;2;1;19;6;25,8;5,514;2,633;21,36
966;7;PI586831;WYO;-104,133;43,85;26;100;70;2;3;2;17;7;17,46;4,693;2,374;30,34
966;8;PI586831;WYO;-104,133;43,85;28;120;100;2;3;2;17;8;27,06;4,823;2,285;30,4
966;10;PI586831;WYO;-104,133;43,85;29;180;155;3;2;2;36;14;29,16;NA;NA;NA
970;1;PI586834;SDK;-103,217;43,767;30;145;125;3;3;3;33;11;28,46;4,712;2,454;24,38
970;2;PI586834;SDK;-103,217;43,767;26;130;110;3;3;2;29;8;19,2;NA;NA;NA
970;3;PI586834;SDK;-103,217;43,767;27;120;100;3;3;2;25;6;26,46;4,936;2,281;28,28
970;4;PI586834;SDK;-103,217;43,767;28;120;60;3;2;2;23;8;28,8;4,364;2,12;24,2
970;5;PI586834;SDK;-103,217;43,767;28;105;90;3;3;2;20;8;28,8;4,582;2,404;24,48
970;6;PI586834;SDK;-103,217;43,767;28;110;70;3;3;2;15;5;27;4,749;2,786;28,74
970;7;PI586834;SDK;-103,217;43,767;28;110;80;3;3;2;18;7;26,46;5,051;1,937;30,74
970;8;PI586834;SDK;-103,217;43,767;29;120;85;3;3;2;18;7;27,2;3,95;2,037;24,29
970;9;PI586834;SDK;-103,217;43,767;28;135;105;3;2;2;33;10;29,46;4,57;2,447;28,92
970;10;PI586834;SDK;-103,217;43,767;30;125;95;3;2;2;19;7;35,46;5,127;2,56;28,84
974;1;PI586836;WYO;-104,25;43,05;26;50;30;1;1;1;12;4;16;NA;NA;NA
974;2;PI586836;WYO;-104,25;43,05;24;150;90;2;2;2;17;6;24,46;5,268;2,426;26,2
974;3;PI586836;WYO;-104,25;43,05;26;110;50;3;2;2;26;9;20,8;NA;NA;NA
974;4;PI586836;WYO;-104,25;43,05;24;130;95;3;2;3;15;5;27,6;4,621;2,497;28,35
974;5;PI586836;WYO;-104,25;43,05;26;110;60;2;2;2;12;5;22,96;4,57;1,898;27,38
974;6;PI586836;WYO;-104,25;43,05;28;145;90;3;3;2;16;3;27,76;4,278;2,179;27,86
974;7;PI586836;WYO;-104,25;43,05;28;75;65;3;3;2;12;6;21,4;NA;NA;NA
974;8;PI586836;WYO;-104,25;43,05;29;155;90;3;2;2;25;52;28,46;5,027;2,649;32,28
974;9;PI586836;WYO;-104,25;43,05;24;130;105;2;2;2;15;6;27,96;4,722;2,221;29,28
974;10;PI586836;WYO;-104,25;43,05;28;125;90;3;2;1;22;5;34;4,329;2,294;30,81
975;1;PI586837;WYO;-104,183;42,067;27;120;80;1;2;1;18;5;33;4,72;2,429;26,7
975;2;PI586837;WYO;-104,183;42,067;28;120;80;2;2;2;16;6;29,86;4,253;2,311;29,19
975;3;PI586837;WYO;-104,183;42,067;29;150;90;3;2;2;20;10;23,66;4,427;2,348;28,89
975;4;PI586837;WYO;-104,183;42,067;24;125;90;2;3;1;14;6;15,5;NA;NA;NA
975;5;PI586837;WYO;-104,183;42,067;29;125;100;3;3;2;22;6;27,86;4,395;2,243;27
975;6;PI586837;WYO;-104,183;42,067;31;160;110;3;2;1;26;11;30,66;4,62;2,629;27,11
975;8;PI586837;WYO;-104,183;42,067;29;130;80;3;3;3;12;3;22,06;4,306;1,933;32,23
980;1;PI586840;COL;-104,717;40,617;31;180;125;2;2;2;41;20;27,66;4,399;2,181;32,36
980;2;PI586840;COL;-104,717;40,617;29;150;110;3;2;2;40;18;22,8;NA;NA;NA
980;3;PI586840;COL;-104,717;40,617;37;200;120;3;3;2;50;20;33,16;4,677;2,313;30,31
980;4;PI586840;COL;-104,717;40,617;30;140;120;3;3;2;40;20;30,46;4,975;2,478;33,87
980;5;PI586840;COL;-104,717;40,617;40;150;90;3;3;2;39;19;27,26;3,884;1,866;34,16
980;6;PI586840;COL;-104,717;40,617;33;220;100;3;2;2;50;22;36,3;4,717;2,345;32,18
980;10;PI586840;COL;-104,717;40,617;40;200;130;3;3;2;54;23;37,76;4,452;2,449;29,42
989;1;PI586844;COL;-104,433;39,4;29;110;120;3;3;2;30;15;26,46;5,437;2,809;23,34
989;2;PI586844;COL;-104,433;39,4;30;145;90;3;3;2;30;12;31,3;4,696;2,269;28,58
989;3;PI586844;COL;-104,433;39,4;30;170;130;3;2;2;39;16;33,4;4,206;2,124;31
989;4;PI586844;COL;-104,433;39,4;29;130;115;2;2;2;20;6;NA;NA;NA;NA
989;5;PI586844;COL;-104,433;39,4;30;185;145;3;3;2;35;12;37;4,991;2,649;29,45
989;6;PI586844;COL;-104,433;39,4;31;150;100;3;2;2;20;9;23,6;4,231;1,904;28,86
989;7;PI586844;COL;-104,433;39,4;25;120;95;2;2;2;13;6;25,66;4,249;1,99;28
989;8;PI586844;COL;-104,433;39,4;28;150;140;3;2;2;17;7;25,46;4,628;2,386;30,82
989;9;PI586844;COL;-104,433;39,4;29;150;100;3;3;2;30;10;30,46;4,823;2,486;30,96
989;10;PI586844;COL;-104,433;39,4;27;110;70;3;3;2;23;9;24,16;5,289;2,717;29,97
996;1;PI586847;COL;-102,6;38,767;31;165;130;3;3;3;43;21;37,6;NA;NA;NA
996;2;PI586847;COL;-102,6;38,767;43;230;135;3;2;2;49;22;26,66;5,077;2,447;28,44
996;3;PI586847;COL;-102,6;38,767;60;220;120;1;1;0;56;33;31,46;4,75;2,703;27,69
996;4;PI586847;COL;-102,6;38,767;55;240;80;0;0;1;64;34;28,8;NA;NA;NA
996;5;PI586847;COL;-102,6;38,767;40;200;100;3;2;2;47;24;36,4;4,795;2,151;27,81
996;6;PI586847;COL;-102,6;38,767;31;180;115;3;2;2;36;11;35,86;NA;NA;NA
996;7;PI586847;COL;-102,6;38,767;35;210;155;2;2;1;43;18;32;5,077;2,673;22,59
996;8;PI586847;COL;-102,6;38,767;39;200;145;3;2;2;50;23;31,76;4,637;2,423;27,49
996;9;PI586847;COL;-102,6;38,767;31;185;160;3;2;2;35;12;29;NA;NA;NA
997;1;PI586849;KAN;-101;39,5;49;240;135;3;2;1;54;29;41,46;5,274;2,691;25,73
997;2;PI586849;KAN;-101;39,5;62;240;165;3;1;0;61;33;30,76;NA;NA;NA
997;3;PI586849;KAN;-101;39,5;51;180;120;2;2;1;50;27;34,96;4,677;2,637;26,96
997;4;PI586849;KAN;-101;39,5;53;200;170;3;2;1;52;24;29,26;4,613;2,227;27,45
997;5;PI586849;KAN;-101;39,5;49;230;100;3;2;1;64;29;32,4;NA;NA;NA
997;7;PI586849;KAN;-101;39,5;50;250;105;2;2;1;60;28;35;NA;NA;NA
997;10;PI586849;KAN;-101;39,5;53;250;150;2;2;2;65;35;34,86;NA;NA;NA
998;1;PI586850;KAN;-100,833;39,167;53;210;130;3;2;2;63;34;37,46;5,057;2,416;29,92
998;2;PI586850;KAN;-100,833;39,167;37;180;95;3;2;2;45;18;33,6;4,707;2,209;27,27
998;3;PI586850;KAN;-100,833;39,167;45;210;130;3;2;2;51;29;29,26;4,369;2,11;26,27
998;4;PI586850;KAN;-100,833;39,167;39;210;110;3;3;3;47;19;28,06;NA;NA;NA
998;5;PI586850;KAN;-100,833;39,167;59;220;90;2;1;1;54;26;33,96;5,035;2,218;28,02
998;6;PI586850;KAN;-100,833;39,167;41;220;105;2;2;1;50;25;35,6;NA;NA;NA
998;7;PI586850;KAN;-100,833;39,167;35;190;130;3;2;2;33;7;35;5,297;2,582;29,53
998;8;PI586850;KAN;-100,833;39,167;47;200;140;3;3;2;50;25;31,4;NA;NA;NA
998;9;PI586850;KAN;-100,833;39,167;49;230;150;3;3;2;43;23;32,3;5,663;2,348;26,28
998;10;PI586850;KAN;-100,833;39,167;40;200;150;3;3;2;43;23;30,06;4,477;2,077;30,48
999;1;PI586852;KAN;-100,7;38,467;42;150;110;3;2;2;43;14;31,66;4,382;2,173;29,67
999;2;PI586852;KAN;-100,7;38,467;52;210;130;3;1;1;52;33;29,4;NA;NA;NA
999;3;PI586852;KAN;-100,7;38,467;36;215;115;3;3;2;49;24;26,2;NA;NA;NA
999;4;PI586852;KAN;-100,7;38,467;34;200;170;3;2;2;43;18;27,96;NA;NA;NA
999;5;PI586852;KAN;-100,7;38,467;45;205;125;3;2;2;50;26;30,96;5,112;2,397;27,42
999;6;PI586852;KAN;-100,7;38,467;31;180;120;3;2;2;33;16;31,26;5,179;2,448;27,23
999;7;PI586852;KAN;-100,7;38,467;52;195;125;2;2;2;53;26;26,8;NA;NA;NA
999;9;PI586852;KAN;-100,7;38,467;46;205;105;3;2;2;58;30;30,96;5,811;2,339;29,84
999;10;PI586852;KAN;-100,7;38,467;47;180;120;2;2;2;57;28;34;NA;NA;NA
1000;1;PI586853;KAN;-100,483;38,467;35;145;110;3;3;2;38;13;28,46;3,916;2,373;23,15
1000;2;PI586853;KAN;-100,483;38,467;49;220;115;3;1;1;49;20;NA;NA;NA;NA
1000;3;PI586853;KAN;-100,483;38,467;48;200;115;3;1;1;49;20;31,26;4,369;2,19;30,07
1000;4;PI586853;KAN;-100,483;38,467;39;200;110;2;2;3;50;22;25,46;NA;NA;NA
1000;5;PI586853;KAN;-100,483;38,467;36;180;120;2;3;2;43;21;29;NA;NA;NA
1000;8;PI586853;KAN;-100,483;38,467;48;230;110;3;2;1;48;20;29,26;4,965;2,718;23,82
1000;9;PI586853;KAN;-100,483;38,467;45;230;100;3;2;1;43;23;39,2;NA;NA;NA
1000;10;PI586853;KAN;-100,483;38,467;46;180;120;3;2;2;52;30;33,66;4,494;2,439;21,98
1016;1;PI586867;NEB;-95,933;40,967;61;250;150;2;2;2;50;20;36,96;5,04;2,18;NA
1016;2;PI586867;NEB;-95,933;40,967;100;280;110;2;0;0;49;27;38,66;NA;NA;NA
1016;3;PI586867;NEB;-95,933;40,967;89;240;130;2;1;1;60;30;38,86;NA;NA;NA
1016;4;PI586867;NEB;-95,933;40,967;102;220;160;2;1;1;53;26;33,86;NA;NA;NA
1016;5;PI586867;NEB;-95,933;40,967;101;230;160;2;1;0;53;26;36,26;NA;NA;NA
1018;1;PI586869;NEB;-97,667;41,367;48;220;150;3;2;2;54;29;31,46;5,22;2,54;NA
1018;2;PI586869;NEB;-97,667;41,367;86;260;100;3;2;1;62;32;25,6;NA;NA;NA
1018;3;PI586869;NEB;-97,667;41,367;68;230;160;3;2;1;50;30;29,96;4,66;1,79;NA
1018;4;PI586869;NEB;-97,667;41,367;75;250;110;2;1;1;56;28;27;NA;NA;NA
1018;5;PI586869;NEB;-97,667;41,367;58;270;100;2;1;1;56;28;25,6;NA;NA;NA
1018;6;PI586869;NEB;-97,667;41,367;40;230;130;3;2;2;50;20;27,76;5,13;2,38;NA
1018;7;PI586869;NEB;-97,667;41,367;40;230;130;2;2;2;35;14;27,16;5,25;2,46;NA
1018;9;PI586869;NEB;-97,667;41,367;51;240;150;3;2;1;31;12;28,06;4,27;2,22;NA
1023;1;PI586873;NEB;-99,85;40,567;58;260;115;3;2;2;59;33;37,46;4,481;2,061;32,63
1023;2;PI586873;NEB;-99,85;40,567;49;280;130;2;2;1;57;32;33,46;5,091;2,435;29,11
1023;3;PI586873;NEB;-99,85;40,567;68;290;120;3;2;1;52;25;33,86;NA;NA;NA
1023;4;PI586873;NEB;-99,85;40,567;66;300;120;2;1;1;62;36;25,2;NA;NA;NA
1023;5;PI586873;NEB;-99,85;40,567;76;270;145;3;2;1;55;29;29,46;NA;NA;NA
1023;8;PI586873;NEB;-99,85;40,567;45;230;160;3;2;2;40;19;31,96;4,331;2,219;27,24
1030;1;PI586877;NEB;-100,767;41,167;35;190;125;3;3;2;47;20;29,86;5,433;2,241;27,34
1030;2;PI586877;NEB;-100,767;41,167;36;210;130;3;2;2;47;20;29,46;3,874;1,994;26,1
1030;3;PI586877;NEB;-100,767;41,167;40;200;100;3;2;2;40;20;33,66;4,737;2,384;27,44
1030;7;PI586877;NEB;-100,767;41,167;39;220;130;3;2;2;55;30;32,16;4,51;1,867;30,51
1030;10;PI586877;NEB;-100,767;41,167;36;220;140;3;3;2;45;19;32,26;4,344;2,147;29,04
1042;1;PI586882;SDK;-99,017;44,5;47;210;140;3;2;2;50;14;32,66;5,456;2,446;27,61
1042;2;PI586882;SDK;-99,017;44,5;38;135;115;2;0;0;47;13;31,66;7,126;3,093;29,95
1042;3;PI586882;SDK;-99,017;44,5;34;160;130;3;2;2;46;15;29,66;5,172;2,397;24,84
1042;4;PI586882;SDK;-99,017;44,5;35;180;130;3;2;2;45;20;26,6;5,213;2,235;25,3
1042;5;PI586882;SDK;-99,017;44,5;31;130;90;3;3;2;33;12;26,66;4,181;2,198;23,25
1042;7;PI586882;SDK;-99,017;44,5;34;110;80;3;3;3;23;7;22,3;6,263;2,975;22,04
1042;9;PI586882;SDK;-99,017;44,5;69;250;150;2;2;2;50;29;34,46;NA;NA;NA
1047;1;PI586884;SDK;-97,15;44,017;28;110;80;3;3;2;29;11;21;NA;NA;NA
1047;2;PI586884;SDK;-97,15;44,017;35;140;130;2;3;3;25;10;36,26;5,534;2,635;25,52
1047;3;PI586884;SDK;-97,15;44,017;32;200;120;3;3;2;35;14;30,2;4,65;2,029;28,85
1047;4;PI586884;SDK;-97,15;44,017;75;245;160;2;2;1;58;29;28;NA;NA;NA
1047;5;PI586884;SDK;-97,15;44,017;28;130;120;3;2;2;27;7;32,66;4,953;2,299;26,17
1047;6;PI586884;SDK;-97,15;44,017;41;230;130;3;2;2;40;19;31,26;5,903;2,633;24,08
1047;7;PI586884;SDK;-97,15;44,017;40;200;110;3;3;2;45;20;26;NA;NA;NA
1047;9;PI586884;SDK;-97,15;44,017;46;260;90;3;2;2;50;22;32,26;4,443;2,433;23,45
1047;10;PI586884;SDK;-97,15;44,017;27;130;90;3;3;1;15;7;26,46;4,877;2,369;22,31
1055;1;PI586887;SDK;-98,117;45,5;27;75;55;2;2;2;17;7;15;NA;NA;NA
1055;2;PI586887;SDK;-98,117;45,5;33;140;70;3;2;2;34;14;23,46;NA;NA;NA
1055;3;PI586887;SDK;-98,117;45,5;32;100;55;3;3;3;32;14;19,46;NA;NA;NA
1055;4;PI586887;SDK;-98,117;45,5;32;145;80;2;3;2;29;10;19,26;NA;NA;NA
1055;5;PI586887;SDK;-98,117;45,5;34;150;95;3;3;2;32;13;20,76;4,301;2,204;27,24
1055;10;PI586887;SDK;-98,117;45,5;53;240;150;3;2;2;54;29;30,46;4,555;2,307;25,43
1136;1;EBP5;SDK;-98,8;48,78;68;255;150;3;2;2;56;30;27,86;4,367;2,107;23,03
1136;2;EBP5;SDK;-98,8;48,78;27;85;50;3;3;2;23;6;25,8;4,055;2,021;20,31
1136;3;EBP5;SDK;-98,8;48,78;43;185;135;2;2;2;37;12;29;4,396;1,932;26,93
1136;4;EBP5;SDK;-98,8;48,78;33;175;100;3;3;3;33;12;23,26;4,835;2,179;28,27
1136;5;EBP5;SDK;-98,8;48,78;27;90;80;3;3;3;23;9;18,16;4,343;1,725;27,94
1147;1;EBP16;COL;-105,68;39,74;29;65;35;2;2;2;20;7;19;NA;NA;NA
1147;2;EBP16;COL;-105,68;39,74;29;200;125;2;3;2;33;11;26,48;5,865;3,139;30,14
1147;3;EBP16;COL;-105,68;39,74;29;175;120;3;3;3;29;10;32,86;4,732;2,404;28,21
1147;4;EBP16;COL;-105,68;39,74;36;155;110;3;3;2;35;13;30,96;4,905;1,949;33,72
1147;5;EBP16;COL;-105,68;39,74;36;210;140;2;3;2;48;19;36,66;6,669;3,016;28,73
1148;1;EBP17;COL;-107,26;39,55;34;160;130;3;3;2;30;15;29,46;5,084;2,846;28,41
1148;2;EBP17;COL;-107,26;39,55;33;140;105;2;3;2;24;9;27,46;NA;NA;NA
1148;3;EBP17;COL;-107,26;39,55;30;175;125;3;3;2;22;8;27,46;4,725;2,18;28,64
1148;4;EBP17;COL;-107,26;39,55;30;180;160;3;3;2;32;9;28,96;NA;NA;NA
1148;5;EBP17;COL;-107,26;39,55;30;200;160;3;3;2;30;9;34,46;5,433;2,695;24,58
1149;1;EBP18;UTA;-110,801;39,6;36;265;155;2;2;2;42;16;36,76;4,581;2,679;32,91
1149;2;EBP18;UTA;-110,801;39,6;34;140;135;3;3;2;42;17;29,46;5,69;2,985;30,07
1149;3;EBP18;UTA;-110,801;39,6;34;170;120;2;3;2;34;12;31,46;5,256;2,417;32,28
1149;4;EBP18;UTA;-110,801;39,6;35;170;135;2;2;2;29;10;29,96;5,388;2,787;30,82
1149;5;EBP18;UTA;-110,801;39,6;36;200;130;3;3;3;48;18;33,76;5,543;3,041;29,39
1150;1;EBP19;MON;-108,538;45,79;53;200;150;3;3;2;65;36;38,76;4,78;2,43;29,48
1150;2;EBP19;MON;-108,538;45,79;36;175;115;3;3;3;43;20;26,66;4,98;2,28;30,2
1150;3;EBP19;MON;-108,538;45,79;27;95;70;3;3;2;18;6;22,46;4,62;2,18;NA
1150;4;EBP19;MON;-108,538;45,79;27;130;85;3;3;3;15;6;20,96;4,65;1,91;NA
1150;5;EBP19;MON;-108,538;45,79;30;160;105;3;3;3;21;9;30,96;6,045;2,681;28,15
